horizon,n,mean_final_return,stdev_final_return,min_final_return,max_final_return,mean_steps_per_second,collapsed_count,warning_count
1,8,0.5310019828362783,0.5108648609676069,0.0078107326946337706,1.4596770422533154,116.589629875,0,0
3,4,0.009907276088779327,0.004269752201880595,0.00538144689053297,0.015451059152837843,125.2663675,0,0
10,4,0.02294491247921542,0.004929623502029102,0.016914820577949286,0.02705550657119602,126.58200175,0,0
